no.,Product Name,Shop Name,Brand,Date,Sales Value,Sales Unit,Price
1,【天猫超市】护舒宝卫生巾云感棉丝薄日用甜睡夜用护垫组合共89片,天猫超市,whisper/护舒宝,1705,1321417.8000,21022,62.85880506
2,【天猫超市】ABC卫生巾纤薄棉柔排湿表层日用+夜用6包 大包装,天猫超市,ABC,1705,1067063.9000,29505,36.16552788
3,【天猫超市】七度空间卫生巾少女纯棉超薄6日用+8超长夜用96片装,天猫超市,SPACE7/七度空间,1705,947781.6000,13144,72.10754717
4,【天猫超市】七度空间卫生巾少女超薄棉柔2日用+2夜用36片组合装,天猫超市,SPACE7/七度空间,1705,816688.6000,27314,29.90000000
5,【天猫超市】七度空间卫生巾少女纯棉日夜特惠装日用+夜用20片装,天猫超市,SPACE7/七度空间,1705,709820.0000,66118,10.73565444
6,【天猫超市】苏菲卫生巾 超熟睡16片+弹力贴身60片+迷你14片,天猫超市,SOFY/苏菲,1705,598904.8000,9252,64.73246866
7,【天猫超市】维达VIA/薇尔日夜棉柔卫生巾大包装日+夜用34片,天猫超市,VIA/薇尔,1705,429077.0800,17649,24.31169358
8,【天猫超市】七度空间卫生巾少女超薄棉柔3日用+2夜用48片组合装,天猫超市,SPACE7/七度空间,1705,358047.1000,7932,45.13957388
9,【天猫超市】ABC卫生巾棉柔日用超长夜用周期套装10包 送护垫22片,天猫超市,ABC,1705,267742.3000,4105,65.22345920
10,【天猫超市】护舒宝卫生巾瞬洁丝薄日用+甜睡夜用组合装 共92片,天猫超市,whisper/护舒宝,1705,236727.7000,3458,68.45798149
11,【天猫超市】护舒宝卫生巾云感棉丝薄日用+甜睡夜用53片大包装,天猫超市,whisper/护舒宝,1705,221564.1600,4817,45.99629645
12,【天猫超市】进口 恩芝卫生巾日夜组合套装11片+超长夜42cm*3片,天猫超市,EUNJEE/恩芝,1705,209496.0000,9245,22.66046512
13,【天猫超市】ABC卫生巾 超薄纯棉柔日用+超长夜用套装共3包组合,天猫超市,ABC,1705,205684.5000,5208,39.49395161
14,【天猫超市】花王乐而雅   日用25cm8片*2包+夜用40cm4片组合,天猫超市,KAO/花王,1705,199101.0000,3990,49.90000000
15,【天猫超市】洁婷卫生巾棉柔超薄日用16片夜用8片一周期组合,天猫超市,Ladycare/洁婷,1705,178461.2000,5558,32.10888809
16,【天猫超市】高洁丝臻选澳洲阳光棉日夜组合装日用5包+夜用3包,天猫超市,高洁丝,1705,164015.4000,2866,57.22798325
17,【天猫超市】高洁丝亲亲棉箱装72P(日60片+夜8片+超长4片）卫生巾,天猫超市,高洁丝,1705,157537.7000,2843,55.41248681
18,【天猫超市】ABC卫生巾棉柔日用240mm+夜用382mm两包KMS健康配方,天猫超市,ABC,1705,151385.5000,5845,25.90000000
19,【天猫超市】七度空间卫生巾少女超薄棉柔3日用+2夜用46片组合装,天猫超市,SPACE7/七度空间,1705,149098.3000,3727,40.00491012
20,【天猫超市】怡丽卫生巾日用70片+夜用16片+超长12片+护垫40片,天猫超市,Elis/怡丽,1705,147266.7000,2110,69.79464455
21,【天猫超市】洁婷卫生巾棉柔日用40片夜用20片迷你10片周期组合,天猫超市,Ladycare/洁婷,1705,138048.0000,1920,71.90000000
22,【天猫超市】苏菲卫生巾口袋魔法92片套装 日用 夜用 组合装,天猫超市,SOFY/苏菲,1705,135464.0000,1694,79.96694215
23,【天猫超市】苏菲卫生巾纤巧日用10片*8包+超熟睡柔棉感4片*4,天猫超市,SOFY/苏菲,1705,128467.7000,1663,77.25057126
24,【天猫超市】七度空间卫生巾优雅超薄棉柔5日用+3夜用82片组合装,天猫超市,SPACE7/七度空间,1705,122222.7000,2143,57.03345777
25,【天猫超市】护舒宝液体卫生巾幻彩极护量多日夜用进口270mm*9片,天猫超市,whisper/护舒宝,1705,120384.3000,2692,44.71927935
26,【天猫超市】ABC卫生巾棉柔亲肤日用夜用小套装3包含KMS健康配方,天猫超市,ABC,1705,118250.4000,3398,34.80000000
27,【天猫超市】月月舒卫生巾 本草精华暖宫调理棉柔日用10片+夜8片,天猫超市,月月舒,1705,115027.9000,5469,21.03271165
28,【天猫超市】洁婷卫生巾棉柔超薄日用40片加长夜用8片迷你36片,天猫超市,Ladycare/洁婷,1705,98700.6000,1074,91.90000000
29,【天猫超市】ABC卫生巾护垫迷你巾小组合163mm+190mm经期前后无忧,天猫超市,ABC,1705,93577.0000,3982,23.50000000
30,【天猫超市】whisper/护舒宝云感棉贴身日用+甜睡夜用卫生巾*76片,天猫超市,whisper/护舒宝,1705,90051.6200,1948,46.22773101
31,【天猫超市】whisper/护舒宝云感棉超薄日用+甜睡夜用卫生巾*22片,天猫超市,whisper/护舒宝,1705,85192.5000,1965,43.35496183
32,【天猫超市】555卫生巾 贴身纯棉一日随身包3片日用+1片夜用,天猫超市,555/三五,1705,84920.5000,86470,0.98208049
33,【天猫超市】ABC卫生巾棉柔亲肤夜用组合323mm+超长420mm甜睡整夜,天猫超市,ABC,1705,80595.9000,8141,9.90000000
34,【天猫超市】苏菲卫生巾 超熟睡柔棉感290 5P*4包+420 4P*6包,天猫超市,SOFY/苏菲,1705,79150.8000,1192,66.40167785
35,【天猫超市】月月舒棉柔透气卫生巾瞬吸防漏夜用5片+加长夜用4片,天猫超市,月月舒,1705,74965.9000,9663,7.75803581
36,【天猫超市】维达薇尔日夜棉柔卫生巾大包装100片 日+夜用+迷你巾,天猫超市,VIA/薇尔,1705,73378.1000,1346,54.51567608
37,【天猫超市】洁婷卫生巾棉柔双U防漏日用10片夜用8片周期装,天猫超市,Ladycare/洁婷,1705,70676.1000,7139,9.90000000
38,【天猫超市】ABC卫生巾组合套装棉柔超级薄夜用2包+迷你巾2包,天猫超市,ABC,1705,69236.0000,1822,38.00000000
39,【天猫超市】七度空间卫生巾少女超薄棉柔8日用+2夜用共48片,天猫超市,SPACE7/七度空间,1705,68821.8000,1302,52.85852535
40,【天猫超市】苏菲卫生巾 裸感S 23cm 7P*5+超熟睡超薄420 4P*3,天猫超市,SOFY/苏菲,1705,68178.9000,1221,55.83857494
41,【天猫超市】维达薇尔棉柔卫生巾日用夜用大包装70片送收纳盒软抽,天猫超市,VIA/薇尔,1705,65128.7000,1373,47.43532411
42,【天猫超市】洁婷卫生巾透气双U30片棉柔(日用20片+夜用10片),天猫超市,Ladycare/洁婷,1705,64710.9000,4391,14.73716693
43,【天猫超市】Free/飞卫生巾日用+夜用棉柔丝薄干爽组合装13片,天猫超市,Free/飞,1705,63432.0000,3246,19.54158965
44,【天猫超市】护舒宝卫生巾超净棉丝薄日用+甜睡夜用组合36片,天猫超市,whisper/护舒宝,1705,62012.2800,1454,42.64943604
45,【天猫超市】Free/飞卫生巾日夜用组合装迷你巾10片+夜用3片,天猫超市,Free/飞,1705,61619.4000,3142,19.61152132
46,【天猫超市】高洁丝日用超薄迷你190mm8片经典系列护翼卫生巾,天猫超市,高洁丝,1705,60760.0900,9060,6.70641170
47,【天猫超市】洁婷透气超薄棉柔卫生巾日8片+特长夜用4片共12片,天猫超市,Ladycare/洁婷,1705,60416.9000,3181,18.99305250
48,【天猫超市】洁婷卫生巾棉柔超薄日用24片夜用8片特长夜用4片,天猫超市,Ladycare/洁婷,1705,60213.3000,1074,56.06452514
49,【天猫超市】七度空间卫生巾超薄棉柔6日用+4夜用76片组合装,天猫超市,SPACE7/七度空间,1705,59977.8000,842,71.23254157
50,【天猫超市】ABC卫生巾棉柔日用240mm+夜用323mm含KMS健康配方,天猫超市,ABC,1705,59511.9000,5001,11.90000000
51,【天猫超市】花王乐而雅零触感日用25cm32片+夜用35cm8片组合,天猫超市,KAO/花王,1705,57879.8000,1223,47.32608340
52,【天猫超市】高洁丝亲亲棉日夜组合240mm20片+夜用350mm5片卫生巾,天猫超市,高洁丝,1705,56687.4200,2413,23.49250725
53,【天猫超市】恩芝韩国进口卫生巾超薄日用36片+夜用8片干爽透气,天猫超市,EUNJEE/恩芝,1705,55579.8000,1424,39.03075843
54,【天猫超市】怡丽卫生巾新素肌纤巧组合10包 240*6+290*2+410*2,天猫超市,Elis/怡丽,1705,54666.2000,938,58.27953092
55,【天猫超市】ABC卫生巾棉柔日用夜用 周期小套装3包KMS健康配方,天猫超市,ABC,1705,51533.0000,1777,29.00000000
56,【天猫超市】月月舒卫生巾棉柔透气瞬吸防漏日用30P+夜用20P组合,天猫超市,月月舒,1705,50987.8000,1711,29.80000000
57,【天猫超市】维达VIA/薇尔超薄干爽迷你卫生巾190mm10片+护垫24片,天猫超市,VIA/薇尔,1705,49762.7000,4468,11.13757833
58,【天猫超市】护舒宝 日本研发纯肌棉柔丝薄卫生巾日用+夜用共30片,天猫超市,whisper/护舒宝,1705,49716.4000,1136,43.76443662
59,【天猫超市】ABC卫生巾棉柔超薄日用组合240mm+190mm两包 瞬吸,天猫超市,ABC,1705,49400.0000,2000,24.70000000
60,【天猫超市】月月舒卫生巾 棉柔瞬吸防侧漏日用30P+夜用20片组合,天猫超市,月月舒,1705,48642.4000,1483,32.80000000
61,【天猫超市】whisper/护舒宝瞬洁丝薄日夜用卫生巾组合*24片,天猫超市,whisper/护舒宝,1705,45059.7000,903,49.90000000
62,【天猫超市】月月舒棉柔日用240mm80片+超熟睡柔棉感410mm16片,天猫超市,月月舒,1705,44918.4000,865,51.92878613
63,【天猫超市】维达薇尔日夜棉柔卫生巾大包装128片 日+夜用+迷你巾,天猫超市,VIA/薇尔,1705,43958.9000,641,68.57862715
64,【天猫超市】苏菲卫生巾 裸感S日用+夜用组合装23cm+25cm+29cm,天猫超市,SOFY/苏菲,1705,43911.5000,985,44.58020305
65,【天猫超市】苏菲超熟睡290mm20片+弹力贴身230mm 80片+极薄8片,天猫超市,SOFY/苏菲,1705,43606.2000,723,60.31286307
66,【天猫超市】进口 恩芝卫生巾日夜组合套装11片+超长夜36cm*4片,天猫超市,EUNJEE/恩芝,1705,43373.7000,1856,23.36945043
67,【天猫超市】护舒宝卫生巾进口表层纯肌棉柔丝薄日夜用28cm10片,天猫超市,whisper/护舒宝,1705,42792.6000,1954,21.90000000
68,【天猫超市】花王 乐而雅 零触感 日用夜用组合装9包大包装,天猫超市,KAO/花王,1705,41936.5000,615,68.18943089
69,【天猫超市】高洁丝臻选澳洲棉日用240mm8片+Air0.08日用8片,天猫超市,高洁丝,1705,40883.7000,1754,23.30883694
70,【天猫超市】ABC卫生巾棉柔日用夜用全周期小套装3包透气不闷热,天猫超市,ABC,1705,40752.0000,1132,36.00000000
71,【天猫超市】高洁丝臻选箱装(240mm56P+350mm4P+420mm6P)卫生巾,天猫超市,高洁丝,1705,40541.3000,557,72.78509874
72,【天猫超市】苏菲弹力贴身柔20P+超熟睡290 5P+极薄0.1 2P 日夜用,天猫超市,SOFY/苏菲,1705,39604.2000,2658,14.90000000
73,【天猫超市】维达薇尔棉柔卫生巾组合装240mm*8+290mm*6+410mm*3,天猫超市,VIA/薇尔,1705,38039.7500,2941,12.93429106
74,【天猫超市】怡丽卫生巾日用70片+夜用16片+超长12片+护垫40片,天猫超市,Elis/怡丽,1705,35753.3000,456,78.40635965
75,【天猫超市】七度空间卫生巾少女超薄棉柔3日用+2夜用42片组合装,天猫超市,SPACE7/七度空间,1705,34274.2000,838,40.90000000
76,【天猫超市】EUNJEE/恩芝日用卫生巾250mm*24片+护垫155mm*25片,天猫超市,EUNJEE/恩芝,1705,33438.5000,1065,31.39765258
77,【天猫超市】护舒宝卫生巾 瞬洁丝薄干爽网面夜用284mm*5+1片,天猫超市,whisper/护舒宝,1705,32690.1400,3078,10.62057830
78,【天猫超市】whisper/护舒宝云感棉丝薄日夜用组合卫生巾*40片,天猫超市,whisper/护舒宝,1705,32363.6600,786,41.17513995
79,【天猫超市】EUNJEE/恩芝韩国进口卫生巾日36片+夜16片+加长夜4片,天猫超市,EUNJEE/恩芝,1705,31657.0000,533,59.39399625
80,【天猫超市】ABC卫生巾棉柔日用超长夜用套装3包量大专属防漏安心,天猫超市,ABC,1705,30643.2000,768,39.90000000
81,【天猫超市】维达VIA/薇尔卫生巾组合装102片240mm+290mm+410mm,天猫超市,VIA/薇尔,1705,30138.7000,473,63.71818182
82,【天猫超市】高洁丝日用24片+夜用280*8片+超长420*4片+迷你8片,天猫超市,高洁丝,1705,29634.1000,719,41.21571627
83,【天猫超市】ABC卫生巾新肌感系列超薄0.1日用190mm迷你巾8片,天猫超市,ABC,1705,28110.4000,4429,6.34689546
84,【天猫超市】苏菲卫生巾超熟睡420气垫4片*2包+裸感S230 5片*1包,天猫超市,SOFY/苏菲,1705,27855.3700,1567,17.77624123
85,【天猫超市】护舒宝卫生巾超净棉丝薄日夜用+甜睡+护垫共44片,天猫超市,whisper/护舒宝,1705,27681.5000,565,48.99380531
86,【天猫超市】elis/怡丽卫生巾丝薄24cm*10片+29cm*8片+410超长*4,天猫超市,Elis/怡丽,1705,26698.1000,919,29.05125136
87,【天猫超市】怡丽卫生巾29cm夜用4P+迷你12P+24cm日用10P清风姐妹,天猫超市,Elis/怡丽,1705,26638.5000,2065,12.90000000
88,【天猫超市】月月舒卫生巾棉柔透气瞬吸防漏日用40片+夜10片组合,天猫超市,月月舒,1705,25867.2000,834,31.01582734
89,【天猫超市】EUNJEE/恩芝卫生巾日24片+夜12片+护垫25片+迷你18片,天猫超市,EUNJEE/恩芝,1705,25665.0000,435,59.00000000
90,【天猫超市】朵朵 棉舒柔巧横生棉量多日用夜用卫生巾280mm*16片,天猫超市,朵朵,1705,24634.0000,2260,10.90000000
91,【天猫超市】加拿大进口阿莎娜轻薄日夜用迷你套装9片透气舒爽,天猫超市,阿莎娜,1705,23140.1000,930,24.88182796
92,【天猫超市】洁婷卫生巾棉柔日用40片夜用16片加长夜用8片周期,天猫超市,Ladycare/洁婷,1705,22170.0000,300,73.90000000
93,【天猫超市】护舒宝卫生巾云感棉丝薄日夜用+甜睡33片大包装,天猫超市,whisper/护舒宝,1705,21867.1200,505,43.30122772
94,【天猫超市】Free卫生巾日夜用超长夜用超薄棉柔组合装3包16片,天猫超市,Free/飞,1705,21427.1000,623,34.39341894
95,【天猫超市】Free/飞卫生巾迷你巾超薄棉柔日夜用组合装14包,天猫超市,Free/飞,1705,20680.0000,235,88.00000000
96,【天猫超市】高洁丝HelloKitty亲亲棉日用240mm2包夜用350mm1包,天猫超市,高洁丝,1705,19858.4000,664,29.90722892
97,【天猫超市】维达薇尔棉柔卫生巾日用+夜用共38片大包装送手帕纸,天猫超市,VIA/薇尔,1705,19703.4800,722,27.29013850
98,【天猫超市】维达VIA/薇尔日夜棉柔卫生巾大包装日+夜用38片,天猫超市,VIA/薇尔,1705,19699.7600,937,21.02429029
99,【天猫超市】七度空间卫生巾优雅丝柔6日用4夜用 96片日夜组合装,天猫超市,SPACE7/七度空间,1705,18617.2000,242,76.93057851
100,【天猫超市】EUNJEE/恩芝卫生巾日用250mm*24片+迷你180mm*18片,天猫超市,EUNJEE/恩芝,1705,18389.6000,344,53.45813953
1,【天猫超市】苏菲卫生巾纤巧日用10片*8包+超熟睡柔棉感4片*4-天猫超市-天猫Tmall.com-上天猫，就购了-理想,天猫超市,SOFY/苏菲,1706,2789354.5000,42920,64.98962022
2,【天猫超市】护舒宝卫生巾云感棉丝薄日用甜睡夜用护垫组合共89片,天猫超市,whisper/护舒宝,1706,2710613.4200,50046,54.16243896
3,【天猫超市】七度空间卫生巾少女纯棉超薄6日用+8夜用96片装,天猫超市,SPACE7/七度空间,1706,2575340.7000,36673,70.22443487
4,【天猫超市】ABC卫生巾纤薄棉柔排湿表层日用+夜用6包 大包装,天猫超市,ABC,1706,1680851.2000,46711,35.98405515
5,【天猫超市】七度空间卫生巾少女纯棉日夜特惠装日用+夜用20片装,天猫超市,SPACE7/七度空间,1706,1182732.5000,72485,16.31692764
6,【天猫超市】七度空间卫生巾少女超薄棉柔2日用+2夜用36片组合装,天猫超市,SPACE7/七度空间,1706,1093278.4000,38504,28.39389154
7,【天猫超市】苏菲卫生巾 超熟睡16片+弹力贴身60片+迷你14片,天猫超市,SOFY/苏菲,1706,700146.5000,10985,63.73659536
8,【天猫超市】七度空间卫生巾少女超薄棉柔3日用+2夜用48片组合装,天猫超市,SPACE7/七度空间,1706,586321.5000,15515,37.79062198
9,【天猫超市】ABC卫生巾棉柔日用超长夜用周期套装10包 送护垫22片,天猫超市,ABC,1706,484910.6000,7340,66.06411444
10,【天猫超市】护舒宝卫生巾云感棉丝薄日用+夜用组合6包大包装,天猫超市,whisper/护舒宝,1706,382343.6000,9464,40.39978867
11,【天猫超市】花王乐而雅   日用25cm8片*2包+夜用40cm4片组合,天猫超市,KAO/花王,1706,373140.8000,7492,49.80523225
12,【天猫超市】苏菲卫生巾 裸感S 23cm 7P*5+超熟睡超薄420 4P*3,天猫超市,SOFY/苏菲,1706,316429.3900,6215,50.91381979
13,【天猫超市】护舒宝卫生巾瞬洁丝薄日用+甜睡夜用组合装 共92片,天猫超市,whisper/护舒宝,1706,304752.6000,4674,65.20166881
14,【天猫超市】怡丽卫生巾日用70片+夜用16片+超长12片+护垫40片,天猫超市,Elis/怡丽,1706,303678.2000,4730,64.20257928
15,【天猫超市】维达VIA/薇尔日夜棉柔卫生巾大包装日+夜用34片,天猫超市,VIA/薇尔,1706,255404.2400,10330,24.72451500
16,【天猫超市】苏菲超熟睡290mm20片+弹力贴身230mm 80片+极薄8片,天猫超市,SOFY/苏菲,1706,252658.2000,4218,59.90000000
17,【天猫超市】ABC卫生巾 超薄纯棉柔日用+超长夜用套装共3包买2免1,天猫超市,ABC,1706,232907.7000,5932,39.26292987
18,【天猫超市】七度空间卫生巾少女超薄棉柔3日用+2夜用46片组合装,天猫超市,SPACE7/七度空间,1706,216303.0000,5490,39.39945355
19,【天猫超市】护舒宝液体卫生巾幻彩极护量多日夜用进口270mm*9片-天猫超市-天猫Tmall.com-上天猫，就购了-理,天猫超市,whisper/护舒宝,1706,209146.2200,5557,37.63653410
20,【天猫超市】苏菲卫生巾 超熟睡柔棉感290 5P*4包+420 4P*6包,天猫超市,SOFY/苏菲,1706,191361.6000,2879,66.46807919
21,【天猫超市】花王乐而雅零触感日用25cm32片+夜用35cm8片组合,天猫超市,KAO/花王,1706,166568.2000,3538,47.07976258
22,【天猫超市】月月舒卫生巾 棉柔透气清爽瞬吸2日用+4夜用48片组合,天猫超市,月月舒,1706,160043.4000,4634,34.53677169
23,【天猫超市】护舒宝卫生巾丝薄日用+高端夜用组合+护垫共112片-天猫超市-天猫Tmall.com-上天猫，就购了-理想生,天猫超市,whisper/护舒宝,1706,157815.4400,2068,76.31307544
24,【天猫超市】七度空间卫生巾少女超薄棉柔8日用+2夜用共48片,天猫超市,SPACE7/七度空间,1706,150542.5000,2995,50.26460768
25,【天猫超市】苏菲卫生巾口袋魔法92片套装 日用 夜用 组合装,天猫超市,SOFY/苏菲,1706,149675.7000,1932,77.47189441
26,【天猫超市】七度空间卫生巾超薄棉柔6日用+4夜用76片组合装,天猫超市,SPACE7/七度空间,1706,147059.2000,2228,66.00502693
27,【天猫超市】whisper/护舒宝云感棉贴身日用+甜睡夜用卫生巾*76片,天猫超市,whisper/护舒宝,1706,143342.1000,3339,42.92964960
28,【天猫超市】高洁丝臻选澳洲棉日夜组合卫生巾日5包+夜3包送赠品-天猫超市-天猫Tmall.com-上天猫，就购了-理想生,天猫超市,高洁丝,1706,126971.5000,2385,53.23752621
29,【天猫超市】ABC卫生巾护垫迷你巾小组合163mm+190mm经期前后无忧,天猫超市,ABC,1706,125839.0000,5360,23.47742537
30,【天猫超市】月月舒卫生巾 本草精华暖宫调理棉柔日用10片+夜8片-天猫超市-天猫Tmall.com-上天猫，就购了-理想,天猫超市,月月舒,1706,123458.7000,6611,18.67473907
31,【天猫超市】月月舒卫生巾 瞬吸透气棉柔3日用+4夜用50片组合装,天猫超市,月月舒,1706,121793.0000,4550,26.76769231
32,【天猫超市】ABC卫生巾棉柔日用240mm+夜用382mm两包KMS健康配方,天猫超市,ABC,1706,116627.7000,4503,25.90000000
33,【天猫超市】洁婷卫生巾棉柔日用40片夜用20片迷你10片周期组合-天猫超市-天猫Tmall.com-上天猫，就购了-理想,天猫超市,Ladycare/洁婷,1706,108731.0000,1540,70.60454545
34,【天猫超市】月月舒卫生巾 瞬吸透气棉柔3日用+3夜用50片组合装,天猫超市,月月舒,1706,102034.2000,3219,31.69748369
35,【天猫超市】苏菲弹力贴身柔20P+超熟睡290 5P+极薄0.1 2P 日夜用,天猫超市,SOFY/苏菲,1706,99438.6600,6799,14.62548316
36,【天猫超市】高洁丝臻选箱装(240mm56P+350mm4P+420mm6P)卫生巾,天猫超市,高洁丝,1706,94201.8000,1332,70.72207207
37,【天猫超市】555卫生巾 贴身纯棉一日随身包3片日用+1片夜用,天猫超市,555/三五,1706,86458.4000,87392,0.98931710
38,【天猫超市】洁婷卫生巾透气双U30片棉柔(日用20片+夜用10片),天猫超市,Ladycare/洁婷,1706,86296.6900,6008,14.36363016
39,【天猫超市】洁婷卫生巾棉柔超薄日用40片加长夜用8片迷你36片,天猫超市,Ladycare/洁婷,1706,84541.8000,862,98.07633411
40,【天猫超市】七度空间卫生巾优雅超薄棉柔5日用+3夜用82片组合装,天猫超市,SPACE7/七度空间,1706,82112.7000,1443,56.90415800
41,【天猫超市】高洁丝臻选澳洲阳光棉日用240mm16片夜用420mm3片,天猫超市,高洁丝,1706,78507.4000,5016,15.65139553
42,【天猫超市】ABC卫生巾新肌感纯棉超薄日夜用组合套装5包送迷你巾,天猫超市,ABC,1706,75954.7700,1762,43.10713394
43,【天猫超市】苏菲卫生巾 裸感S日用+夜用组合装23cm+25cm+29cm,天猫超市,SOFY/苏菲,1706,69992.7000,1603,43.66356831
44,【天猫超市】花王 乐而雅 零触感 日用夜用组合装9包大包装,天猫超市,KAO/花王,1706,69318.2000,1030,67.29922330
45,【天猫超市】怡丽卫生巾新素肌纤巧组合10包 240*6+290*2+410*2,天猫超市,Elis/怡丽,1706,67901.9000,1181,57.49525826
46,【天猫超市】whisper/护舒宝瞬洁丝薄日夜用卫生巾组合*24片,天猫超市,whisper/护舒宝,1706,65868.0000,1320,49.90000000
47,【天猫超市】洁婷卫生巾透气棉柔日用30片加长夜用8片组合装,天猫超市,Ladycare/洁婷,1706,64802.0000,2240,28.92946429
48,【天猫超市】洁婷卫生巾棉柔透气超薄系列日用16片夜用8片组合装,天猫超市,Ladycare/洁婷,1706,61250.3000,2757,22.21628582
49,【天猫超市】月月舒卫生巾 棉柔透气瞬吸防漏夜用5片+加长夜用4片,天猫超市,月月舒,1706,60089.6000,8621,6.97014267
50,【天猫超市】ABC卫生巾棉柔日用240mm+夜用323mm含KMS健康配方,天猫超市,ABC,1706,58955.1000,5029,11.72302645
51,【天猫超市】Free/飞卫生巾日用+夜用棉柔丝薄干爽组合装13片,天猫超市,Free/飞,1706,56956.9000,2808,20.28379630
52,【天猫超市】恩芝韩国进口卫生巾超薄日用36片+夜用8片干爽透气,天猫超市,EUNJEE/恩芝,1706,55969.0000,1446,38.70608575
53,【天猫超市】ABC卫生巾棉柔亲肤夜用组合323mm+超长420mm甜睡整夜,天猫超市,ABC,1706,55847.5200,5211,10.71723661
54,【天猫超市】elis/怡丽卫生巾丝薄24cm*10片+29cm*8片+410超长*4,天猫超市,Elis/怡丽,1706,55637.5600,1967,28.28549059
55,【天猫超市】Free 卫生巾日夜用棉柔组合装丝薄亲肤6包送2包,天猫超市,Free/飞,1706,55227.8000,922,59.90000000
56,【天猫超市】EUNJEE/恩芝卫生巾日用250mm*24片+迷你180mm*18片-天猫超市-天猫Tmall.com-上,天猫超市,EUNJEE/恩芝,1706,54191.4000,1086,49.90000000
57,【天猫超市】洁婷透气超薄棉柔卫生巾日8片+特长夜用4片共12片,天猫超市,Ladycare/洁婷,1706,52670.7000,4083,12.90000000
58,【天猫超市】Free/飞卫生巾日夜用组合装迷你巾10片+夜用3片-天猫超市-天猫Tmall.com-上天猫，就购了-理想,天猫超市,Free/飞,1706,51786.9000,5231,9.90000000
59,【天猫超市】护舒宝卫生巾进口表层纯肌棉柔丝薄日夜用28cm10片,天猫超市,whisper/护舒宝,1706,51640.2000,2358,21.90000000
60,【天猫超市】高洁丝日用超薄迷你190mm8片经典系列护翼卫生巾,天猫超市,高洁丝,1706,51145.5600,6958,7.35061224
61,【天猫超市】whisper/护舒宝云感棉丝薄日夜用组合卫生巾*40片,天猫超市,whisper/护舒宝,1706,50992.2000,1278,39.90000000
62,【天猫超市】ABC卫生巾棉柔日用夜用 周期小套装3包KMS健康配方,天猫超市,ABC,1706,50901.0000,1719,29.61082024
63,【天猫超市】月月舒卫生巾 瞬吸透气棉柔3日用+2夜用44片组合装,天猫超市,月月舒,1706,49137.7200,2014,24.39807349
64,【天猫超市】进口 恩芝卫生巾日夜组合套装11片+超长夜36cm*4片,天猫超市,EUNJEE/恩芝,1706,48866.4000,2011,24.29955246
65,【天猫超市】维达薇尔棉柔卫生巾日用夜用大包装70片送收纳盒软抽,天猫超市,VIA/薇尔,1706,48665.3000,1017,47.85181908
66,【天猫超市】护舒宝卫生巾超净棉丝薄日用+甜睡夜用组合36片,天猫超市,whisper/护舒宝,1706,47904.3000,1057,45.32100284
67,【天猫超市】洁婷卫生巾棉柔双U防漏日用10片夜用8片周期装,天猫超市,Ladycare/洁婷,1706,44669.8000,4657,9.59196908
68,【天猫超市】月月舒卫生巾 瞬吸透气棉柔4日用+2夜用50片组合装,天猫超市,月月舒,1706,44371.6000,1253,35.41229050
69,【天猫超市】月月舒卫生巾 暖宫调理棉柔透气夜用56片+迷你巾16片,天猫超市,月月舒,1706,43999.2000,654,67.27706422
70,【天猫超市】进口 恩芝卫生巾日夜组合套装11片+超长夜42cm*3片,天猫超市,EUNJEE/恩芝,1706,43364.6000,1818,23.85291529
71,【天猫超市】SOFY/苏菲裸感s 230 1px3+超熟睡气垫420 1px2,天猫超市,SOFY/苏菲,1706,42497.0000,3269,13.00000000
72,【天猫超市】ABC卫生巾组合套装棉柔超级薄夜用2包+迷你巾2包,天猫超市,ABC,1706,41078.0000,1081,38.00000000
73,【天猫超市】德国进口OB棉条内置式普通型2盒日夜用非卫生巾隐形,天猫超市,o．b．,1706,40615.9000,1151,35.28748914
74,【天猫超市】维达VIA/薇尔超薄干爽迷你卫生巾190mm10片+护垫24片,天猫超市,VIA/薇尔,1706,39414.6500,3068,12.84701760
75,【天猫超市】德国进口OB内置式棉条量多型2盒非卫生巾无感日夜用-天猫超市-天猫Tmall.com-上天猫，就购了-理想生,天猫超市,o．b．,1706,39382.5300,1537,25.62298634
76,【天猫超市】高洁丝亲亲棉HelloKitty限定日夜卫生巾50片+护垫45P,天猫超市,高洁丝,1706,37342.3000,697,53.57575323
77,【天猫超市】维达薇尔日夜棉柔卫生巾大包装100片 日+夜用+迷你巾-天猫超市-天猫Tmall.com-上天猫，就购了-理,天猫超市,VIA/薇尔,1706,36433.1000,665,54.78661654
78,【天猫超市】维达薇尔日夜棉柔卫生巾大包装128片 日+夜用+迷你巾,天猫超市,VIA/薇尔,1706,35302.4000,510,69.22039216
79,【天猫超市】七度空间卫生巾少女超薄棉柔3日用+2夜用42片组合装-天猫超市-天猫Tmall.com-上天猫，就购了-理想,天猫超市,SPACE7/七度空间,1706,34955.2000,858,40.74032634
80,【天猫超市】维达VIA/薇尔日夜棉柔卫生巾大包装日+夜用38片,天猫超市,VIA/薇尔,1706,34939.2500,1624,21.51431650
81,【天猫超市】护舒宝卫生巾超净棉丝薄日夜用+甜睡+护垫共44片,天猫超市,whisper/护舒宝,1706,34394.2100,834,41.24005995
82,【天猫超市】ABC卫生巾棉柔亲肤日用夜用小套装3包含KMS健康配方,天猫超市,ABC,1706,33338.4000,958,34.80000000
83,【天猫超市】高洁丝日用24片+夜用280*8片+超长420*4片+迷你8片-天猫超市-天猫Tmall.com-上天猫，就,天猫超市,高洁丝,1706,33190.5000,817,40.62484700
84,【天猫超市】洁婷甜睡卫生巾日用245mm夜用290mm共15片超值装,天猫超市,Ladycare/洁婷,1706,31627.2000,1857,17.03134087
85,【天猫超市】洁婷卫生巾棉柔日用10片夜用8片特长夜用4片防漏,天猫超市,Ladycare/洁婷,1706,30630.3000,1107,27.66964770
86,【天猫超市】维达VIA/薇尔卫生巾组合装102片240mm+290mm+410mm,天猫超市,VIA/薇尔,1706,29899.1000,469,63.75074627
87,【天猫超市】Free/飞量少日用迷你卫生巾丝薄棉柔190mm10片 T51,天猫超市,Free/飞,1706,29269.3800,5122,5.71444358
88,【天猫超市】EUNJEE/恩芝日用卫生巾250mm*24片+护垫155mm*25片,天猫超市,EUNJEE/恩芝,1706,29206.5000,1011,28.88872404
89,【天猫超市】维达薇尔棉柔卫生巾组合装240mm*8+290mm*6+410mm*3,天猫超市,VIA/薇尔,1706,27848.1000,1869,14.90000000
90,【天猫超市】SOFY/苏菲卫生巾成长箱装少女裤2片+裸感290+极薄0.1,天猫超市,SOFY/苏菲,1706,27753.7000,527,52.66356736
91,【天猫超市】月月舒卫生巾 超薄迷你巾 量少日用卫生巾16片带护翼,天猫超市,月月舒,1706,27734.0000,1919,14.45231892
92,【天猫超市】Free/飞卫生巾组合装超薄棉柔日夜用12包送迷你巾2包,天猫超市,Free/飞,1706,27491.0000,326,84.32822086
93,【天猫超市】高洁丝HelloKitty亲亲棉日用240mm2包夜用350mm1包,天猫超市,高洁丝,1706,26869.7100,690,38.94160870
94,【天猫超市】Free卫生巾日用加长夜用420组合装超薄棉柔系列5包装,天猫超市,Free/飞,1706,26077.0000,886,29.43227991
95,【天猫超市】whisper/护舒宝云感棉超薄日用+甜睡夜用卫生巾*22片,天猫超市,whisper/护舒宝,1706,25345.6000,584,43.40000000
96,【天猫超市】怡丽卫生巾29cm夜用4P+迷你12P+24cm日用10P清风姐妹,天猫超市,Elis/怡丽,1706,24677.7800,1996,12.36361723
97,【天猫超市】恩芝卫生巾纯棉日夜组合56片装(日用+夜用+加长夜用),天猫超市,EUNJEE/恩芝,1706,24677.7000,351,70.30683761
98,【天猫超市】护舒宝进口液体卫生巾未来感极护日用+夜用20片,天猫超市,whisper/护舒宝,1706,24474.1000,154,158.92272727
99,【天猫超市】怡丽卫生巾丝薄日夜组合12包112片+清风金装软抽10包,天猫超市,Elis/怡丽,1706,24432.7700,456,53.58063596
100,【天猫超市】朵朵 棉舒柔巧横生棉量多日用夜用卫生巾280mm*16片-天猫超市-天猫Tmall.com-上天猫，就购了-,天猫超市,朵朵,1706,24296.8000,2182,11.13510541
1,【天猫超市】七度空间卫生巾少女纯棉超薄6日用+8夜用96片装,天猫超市,SPACE7/七度空间,1707,1880733.1400,26581,70.75479252
2,【天猫超市】护舒宝卫生巾云感棉丝薄日用甜睡夜用护垫组合共89片,天猫超市,whisper/护舒宝,1707,1455202.4000,23670,61.47876637
3,【天猫超市】苏菲卫生巾纤巧日用10片*8包+超熟睡4片*4共96片,天猫超市,SOFY/苏菲,1707,1163463.9000,17042,68.27038493
4,【天猫超市】ABC卫生巾纤薄棉柔排湿表层日用+夜用6包 大包装,天猫超市,ABC,1707,1116988.2000,30882,36.16955508
5,【天猫超市】七度空间卫生巾少女超薄棉柔2日用+2夜用36片组合装,天猫超市,SPACE7/七度空间,1707,783427.8000,26662,29.38368464
6,【天猫超市】ABC卫生巾棉柔日用超长夜用周期套装10包 送护垫22片,天猫超市,ABC,1707,600786.5000,9089,66.10039608
7,【天猫超市】苏菲卫生巾 超熟睡16片+弹力贴身60片+迷你14片,天猫超市,SOFY/苏菲,1707,422676.3000,6587,64.16825566
8,【天猫超市】七度空间卫生巾少女超薄棉柔3日用+2夜用48片组合装,天猫超市,SPACE7/七度空间,1707,421080.0000,10860,38.77348066
9,【天猫超市】ABC卫生巾新肌感纯棉超薄日夜用组合套装5包送迷你巾,天猫超市,ABC,1707,293580.0000,6524,45.00000000
10,【天猫超市】花王乐而雅   日用25cm8片*2包+夜用40cm4片组合,天猫超市,KAO/花王,1707,283193.2000,5688,49.78783404
11,【天猫超市】七度空间卫生巾超薄棉柔6日用+4夜用76片组合装,天猫超市,SPACE7/七度空间,1707,276167.7000,4333,63.73591045
12,【天猫超市】七度空间卫生巾少女超薄棉柔3日用+2夜用46片组合装,天猫超市,SPACE7/七度空间,1707,240996.0000,6040,39.90000000
13,【天猫超市】月月舒卫生巾 棉柔透气清爽瞬吸2日用+4夜用48片组合,天猫超市,月月舒,1707,225799.7400,6171,36.59046184
14,【天猫超市】苏菲超熟睡290mm20片+弹力贴身230mm 80片+极薄8片,天猫超市,SOFY/苏菲,1707,223373.5000,3703,60.32230624
15,【天猫超市】Free 卫生巾日夜用棉柔组合装丝薄亲肤6包送2包,天猫超市,Free/飞,1707,208511.9000,3481,59.90000000
16,【天猫超市】苏菲卫生巾口袋魔法92片套装 日用 夜用 组合装,天猫超市,SOFY/苏菲,1707,198964.7000,2851,69.78768853
17,【天猫超市】ABC卫生巾 超薄纯棉柔日用+超长夜用套装共3包买2免1,天猫超市,ABC,1707,182069.2000,4728,38.50871404
18,【天猫超市】七度空间卫生巾少女纯棉日夜特惠装日用+夜用20片装,天猫超市,SPACE7/七度空间,1707,165484.8000,9792,16.90000000
19,【天猫超市】护舒宝卫生巾瞬洁丝薄日用+甜睡夜用组合装 共92片,天猫超市,whisper/护舒宝,1707,160830.1000,2499,64.35778311
20,【天猫超市】月月舒卫生巾 瞬吸透气棉柔3日用+3夜用50片组合装,天猫超市,月月舒,1707,160036.6000,5287,30.26983166
21,【天猫超市】月月舒卫生巾 本草精华暖宫调理棉柔日用10片+夜8片,天猫超市,月月舒,1707,148690.0000,7839,18.96798061
22,【天猫超市】七度空间卫生巾少女超薄棉柔3日用+2夜用42片组合装,天猫超市,SPACE7/七度空间,1707,137472.3000,3367,40.82931393
23,【天猫超市】ABC卫生巾棉柔日用240mm+夜用382mm两包KMS健康配方,天猫超市,ABC,1707,132245.4000,5106,25.90000000
24,【天猫超市】月月舒卫生巾 瞬吸透气棉柔3日用+4夜用50片组合装-天猫超市-天猫Tmall.com-上天猫，就购了-理想,天猫超市,月月舒,1707,131825.4000,4547,28.99173081
25,【天猫超市】ABC卫生巾护垫迷你巾小组合163mm+190mm经期前后无忧,天猫超市,ABC,1707,130832.0000,5584,23.42979943
26,【天猫超市】苏菲卫生巾 超熟睡AIR 4P*6包+极薄0.1 8P*4包,天猫超市,SOFY/苏菲,1707,129417.1500,2133,60.67376934
27,【天猫超市】七度空间卫生巾少女超薄棉柔8日用+2夜用共48片,天猫超市,SPACE7/七度空间,1707,129332.0600,2749,47.04694798
28,【天猫超市】苏菲弹力贴身柔20P+超熟睡290 5P+极薄0.1 2P 日夜用,天猫超市,SOFY/苏菲,1707,122074.7300,9018,13.53678532
29,【天猫超市】苏菲卫生巾 超熟睡柔棉感290 5P*4包+420 4P*6包,天猫超市,SOFY/苏菲,1707,121863.7000,1896,64.27410338
30,【天猫超市】花王乐而雅零触感日用25cm32片+夜用35cm8片组合,天猫超市,KAO/花王,1707,120179.8000,2522,47.65257732
31,【天猫超市】七度空间卫生巾少女棉棉 特薄迷你 日用180mm 14片装,天猫超市,SPACE7/七度空间,1707,104673.0800,9188,11.39236831
32,【天猫超市】怡丽卫生巾日用70片+夜用16片+超长12片+护垫40片,天猫超市,Elis/怡丽,1707,103050.9600,1828,56.37361050
33,【天猫超市】怡丽卫生丝薄日夜12包112片+清风金装软抽10包,天猫超市,Elis/怡丽,1707,101590.1000,1487,68.31882986
34,【天猫超市】高洁丝臻选澳洲棉日夜组合卫生巾日5包+夜3包送赠品,天猫超市,高洁丝,1707,96934.0000,1500,64.62266667
35,【天猫超市】ABC卫生巾棉柔亲肤夜用组合323mm+超长420mm甜睡整夜-天猫超市-天猫Tmall.com-上天猫，就,天猫超市,ABC,1707,96391.8000,9082,10.61349923
36,【天猫超市】洁婷卫生巾透气双U30片棉柔(日用20片+夜用10片),天猫超市,Ladycare/洁婷,1707,91255.9000,6191,14.74009045
37,【天猫超市】维达VIA/薇尔日夜棉柔卫生巾大包装日+夜用34片,天猫超市,VIA/薇尔,1707,89488.2000,3219,27.80000000
38,【天猫超市】花王 乐而雅 零触感 日用夜用组合装9包大包装,天猫超市,KAO/花王,1707,87318.0000,1260,69.30000000
39,【天猫超市】555卫生巾 贴身纯棉一日随身包3片日用+1片夜用,天猫超市,555/三五,1707,80380.0000,80380,1.00000000
40,【天猫超市】whisper/护舒宝云感棉贴身日用+甜睡夜用卫生巾*76片,天猫超市,whisper/护舒宝,1707,79208.5000,1758,45.05602958
41,【天猫超市】护舒宝进口液体卫生巾幻彩极护量多日用夜用270mm9片,天猫超市,whisper/护舒宝,1707,71215.9100,1765,40.34895751
42,【天猫超市】洁婷卫生巾日用8片夜用8片组合装超薄透气系列-天猫超市-天猫Tmall.com-上天猫，就购了-理想生活上天,天猫超市,Ladycare/洁婷,1707,70638.8000,4448,15.88102518
43,【天猫超市】护舒宝 日本研发纯肌棉柔丝薄卫生巾日用+夜用共30片,天猫超市,whisper/护舒宝,1707,69184.5000,1155,59.90000000
44,【天猫超市】高洁丝夜用夜安裤M-L号5+1条安心裤裤型卫生巾全包围,天猫超市,高洁丝,1707,68334.7100,2080,32.85322596
45,【天猫超市】ABC卫生巾棉柔日用240mm+夜用323mm含KMS健康配方,天猫超市,ABC,1707,65239.5000,5673,11.50000000
46,【天猫超市】月月舒卫生巾 超薄迷你巾 量少日用卫生巾26片带护翼,天猫超市,月月舒,1707,64688.0000,4043,16.00000000
47,【天猫超市】ABC卫生巾组合套装棉柔超级薄夜用2包+迷你巾2包,天猫超市,ABC,1707,62624.0000,1648,38.00000000
48,【天猫超市】怡丽卫生巾新素肌纤巧组合10包 240*6+290*2+410*2,天猫超市,Elis/怡丽,1707,62403.8300,1251,49.88315747
49,【天猫超市】月月舒卫生巾 棉柔透气瞬吸防漏夜用5片+加长夜用4片,天猫超市,月月舒,1707,60473.0000,8831,6.84780886
50,【天猫超市】怡丽组合新素肌24cm日用10片*2包+29cm夜用8片,天猫超市,Elis/怡丽,1707,59748.3000,3005,19.88296173
51,【天猫超市】怡丽卫生巾丝薄24cm*10片+29cm*8片+410超长*4,天猫超市,Elis/怡丽,1707,58995.7000,2977,19.81716493
52,【天猫超市】洁婷透气超薄棉柔卫生巾日8片+特长夜用4片共12片,天猫超市,Ladycare/洁婷,1707,55016.5000,4281,12.85131979
53,【天猫超市】ABC卫生巾棉柔日用夜用 周期小套装3包KMS健康配方,天猫超市,ABC,1707,54665.0000,1885,29.00000000
54,【天猫超市】洁婷卫生巾棉柔日用40片夜用20片迷你10片周期组合,天猫超市,Ladycare/洁婷,1707,51049.0000,710,71.90000000
55,【天猫超市】进口恩芝卫生巾 超薄日用24片+夜用8片+加长夜用4片,天猫超市,EUNJEE/恩芝,1707,49463.7000,1153,42.90000000
56,【天猫超市】ABC卫生巾棉柔日用超长夜用组合装6包 送迷你巾一包-天猫超市-天猫Tmall.com-上天猫，就购了-理想,天猫超市,ABC,1707,46965.0000,952,49.33298319
57,【天猫超市】Free/飞卫生巾日夜用组合装迷你巾10片+超长夜用3片,天猫超市,Free/飞,1707,46351.8000,4682,9.90000000
58,【天猫超市】ABC卫生巾棉柔亲肤日用夜用小套装3包含KMS健康配方,天猫超市,ABC,1707,46075.2000,1324,34.80000000
59,【天猫超市】洁婷卫生巾棉柔双U防漏日用10片夜用8片周期装,天猫超市,Ladycare/洁婷,1707,45985.5000,4645,9.90000000
60,【天猫超市】维达VIA薇尔超薄棉柔卫生巾大包装日用52片夜用20片,天猫超市,VIA/薇尔,1707,45491.7000,994,45.76629779
61,【天猫超市】whisper/护舒宝云感棉丝薄日夜用组合卫生巾*40片-天猫超市-天猫Tmall.com-上天猫，就购了-,天猫超市,whisper/护舒宝,1707,43491.0000,1090,39.90000000
62,【天猫超市】SOFY/苏菲裸感s 230 1px3+超熟睡气垫420 1px2,天猫超市,SOFY/苏菲,1707,42393.0000,3261,13.00000000
63,【天猫超市】苏菲卫生巾 裸感S日用+夜用组合装23cm+25cm+29cm,天猫超市,SOFY/苏菲,1707,42129.9000,921,45.74364821
64,【天猫超市】全棉时代奈丝公主卫生巾超吸日用夜用组合装8包,天猫超市,Purcotton/全棉时代,1707,40601.3600,407,99.75764128
65,【天猫超市】洁婷甜睡卫生巾日用245mm夜用290mm共15片超值装,天猫超市,Ladycare/洁婷,1707,40354.2000,2538,15.90000000
66,【天猫超市】恩芝进口卫生巾套装超薄日用36片+夜用8片干爽透气,天猫超市,EUNJEE/恩芝,1707,39939.9000,1001,39.90000000
67,【天猫超市】高洁丝亲亲棉HelloKitty限定日夜卫生巾50片+护垫45P,天猫超市,高洁丝,1707,37473.8000,702,53.38148148
68,【天猫超市】月月舒卫生巾 瞬吸棉柔透气3日用+6夜用72片组合装,天猫超市,月月舒,1707,36553.8000,905,40.39093923
69,【天猫超市】护舒宝卫生巾丝薄日用+高端夜用组合+护垫共112片,天猫超市,whisper/护舒宝,1707,34639.7000,441,78.54807256
70,【天猫超市】怡丽卫生巾夜用410*4片*2+日用240*5片13片劲爆装,天猫超市,Elis/怡丽,1707,34125.3000,2463,13.85517661
71,【天猫超市】进口 恩芝卫生巾日夜组合套装11片+超长夜42cm*3片,天猫超市,EUNJEE/恩芝,1707,31364.9000,1211,25.90000000
72,【天猫超市】洁婷卫生巾透气棉柔日用30片加长夜用8片组合装,天猫超市,Ladycare/洁婷,1707,31219.3000,1067,29.25895033
73,【天猫超市】怡丽卫生巾290夜用4P+迷你12p+240日用10P清风姐妹,天猫超市,Elis/怡丽,1707,31160.8000,2416,12.89768212
74,【天猫超市】月月舒卫生巾 瞬吸透气棉柔4日用+2夜用50片组合装,天猫超市,月月舒,1707,30885.6000,831,37.16678700
75,【天猫超市】Free卫生巾量少日用迷你巾丝薄棉柔190mm10片 T51,天猫超市,Free/飞,1707,30688.0000,5480,5.60000000
76,【天猫超市】whisper/护舒宝瞬洁丝薄日夜用卫生巾组合*24片,天猫超市,whisper/护舒宝,1707,30213.0000,620,48.73064516
77,【天猫超市】维达VIA薇尔超薄棉柔卫生巾大包装迷你+日夜用100片,天猫超市,VIA/薇尔,1707,29999.8000,559,53.66690519
78,【天猫超市】七度空间卫生巾少女纯棉超薄3日用+5夜用76片组合装,天猫超市,SPACE7/七度空间,1707,29492.1000,490,60.18795918
79,【天猫超市】维达薇尔棉柔卫生巾组合装240mm*8+290mm*6+410mm*3,天猫超市,VIA/薇尔,1707,29129.5000,1955,14.90000000
80,【天猫超市】Free/飞卫生巾组合装日用加长夜用超薄棉柔系列8包装,天猫超市,Free/飞,1707,29107.0000,259,112.38223938
81,【天猫超市】七度空间卫生巾优雅超薄棉柔5日用+3夜用82片组合装,天猫超市,SPACE7/七度空间,1707,29042.0000,520,55.85000000
82,【天猫超市】ABC卫生巾新肌感组合纯棉纤薄日用+超长夜用420mm,天猫超市,ABC,1707,28640.0000,1137,25.18909411
83,【天猫超市】七度空间卫生巾优雅丝柔6日用4夜用 96片日夜组合装,天猫超市,SPACE7/七度空间,1707,28451.3000,384,74.09192708
84,【天猫超市】高洁丝臻选澳洲棉日用240mm8片+Air0.08日用8片,天猫超市,高洁丝,1707,28235.7000,1233,22.90000000
85,【天猫超市】EUNJEE/恩芝卫生巾日用250mm*24片+迷你180mm*18片,天猫超市,EUNJEE/恩芝,1707,28033.2000,468,59.90000000
86,【天猫超市】Free/飞卫生巾组合装超薄棉柔日夜用12包送迷你巾2包-天猫超市-天猫Tmall.com-上天猫，就购了-,天猫超市,Free/飞,1707,27280.0000,310,88.00000000
87,【天猫超市】ABC卫生巾棉柔纤薄日用夜用护垫套装共5包54片装,天猫超市,ABC,1707,26225.5000,478,54.86506276
88,【天猫超市】月月舒卫生巾 暖宫调理棉柔透气日用10片+夜用12片,天猫超市,月月舒,1707,25717.8000,1016,25.31279528
89,【天猫超市】护舒宝卫生巾 瞬洁丝薄干爽网面夜用284mm*5+1片,天猫超市,whisper/护舒宝,1707,24935.6200,2598,9.59800616
90,【天猫超市】ABC卫生巾新肌感系列超薄0.1日用190mm迷你巾5包装,天猫超市,ABC,1707,24505.3700,875,28.00613714
91,【天猫超市】维达VIA/薇尔卫生巾组合装102片240mm+290mm+410mm,天猫超市,VIA/薇尔,1707,24450.7200,398,61.43396985
92,【天猫超市】朵朵 棉舒柔巧横生棉量多日用夜用卫生巾280mm*16片,天猫超市,朵朵,1707,24412.4000,2206,11.06636446
93,【天猫超市】洁婷卫生巾棉柔透气超薄日用16片夜用8片一周期组合,天猫超市,Ladycare/洁婷,1707,24238.4000,1253,19.34429370
94,【天猫超市】月月舒卫生巾 瞬吸棉柔透气2日用+4夜用40片组合装,天猫超市,月月舒,1707,24130.4000,1028,23.47315175
95,【天猫超市】月月舒卫生巾 棉柔透气瞬吸防漏3日用+2夜用44片组合,天猫超市,月月舒,1707,23856.0000,710,33.60000000
96,【天猫超市】护舒宝卫生巾超净棉丝薄日夜用+甜睡+护垫共44片,天猫超市,whisper/护舒宝,1707,23781.8000,852,27.91291080
97,【天猫超市】ABC卫生巾新肌感纯棉超薄日夜组合3包装240mm+350mm,天猫超市,ABC,1707,23050.8600,916,25.16469432
98,【天猫超市】护舒宝进口液体卫生巾未来感极护日用+夜用20片,天猫超市,whisper/护舒宝,1707,22438.8000,191,117.48062827
99,【天猫超市】维达VIA薇尔超薄棉柔卫生巾大包装迷你日用夜用128片,天猫超市,VIA/薇尔,1707,22175.5000,359,61.77019499
100,【天猫超市】怡丽卫生巾敏感肌日用4包+410夜2包+清风软抽3包,天猫超市,Elis/怡丽,1707,21760.2000,608,35.78980263
1,【天猫超市】七度空间卫生巾少女纯棉超薄6日用+8夜用96片装,天猫超市,SPACE7/七度空间,1708,2905576.2000,41634,69.78854302
2,【天猫超市】护舒宝卫生巾云感棉丝薄日用甜睡夜用护垫组合共89片-天猫超市-天猫Tmall.com-上天猫，就购了-理想生,天猫超市,whisper/护舒宝,1708,1844583.8000,27623,66.77709879
3,【天猫超市】ABC卫生巾纤薄棉柔排湿表层日用+夜用6包 大包装,天猫超市,ABC,1708,1503849.4000,42140,35.68698149
4,【天猫超市】苏菲卫生巾纤巧日用10片*8包+超熟睡4片*4共96片,天猫超市,SOFY/苏菲,1708,1471888.6000,21234,69.31753791
5,【天猫超市】七度空间卫生巾少女超薄棉柔2日用+2夜用36片组合装,天猫超市,SPACE7/七度空间,1708,1265719.2000,43038,29.40934058
6,【天猫超市】ABC卫生巾棉柔日用超长夜用周期套装10包 送护垫22片,天猫超市,ABC,1708,1170189.5000,18095,64.66921802
7,【天猫超市】ABC卫生巾新肌感纯棉超薄日夜用组合套装5包送迷你巾,天猫超市,ABC,1708,664020.0000,14756,45.00000000
8,【天猫超市】七度空间卫生巾少女纯棉日夜特惠装日用+夜用20片装,天猫超市,SPACE7/七度空间,1708,654773.6000,38744,16.90000000
9,【天猫超市】七度空间卫生巾少女超薄棉柔3日用+2夜用48片组合装,天猫超市,SPACE7/七度空间,1708,543743.8000,14342,37.91269000
10,【天猫超市】苏菲卫生巾 超熟睡16片+弹力贴身60片+迷你14片,天猫超市,SOFY/苏菲,1708,467058.4000,7056,66.19308390
11,【天猫超市】花王乐而雅   日用25cm8片*2包+夜用40cm4片组合,天猫超市,KAO/花王,1708,345906.8000,6932,49.90000000
12,【天猫超市】七度空间卫生巾超薄棉柔6日用+4夜用76片组合装,天猫超市,SPACE7/七度空间,1708,340067.6000,4920,69.11943089
13,【天猫超市】月月舒卫生巾 棉柔透气清爽瞬吸2日用+4夜用48片组合,天猫超市,月月舒,1708,323829.0000,8904,36.36893531
14,【天猫超市】苏菲弹力贴身柔20P+超熟睡290 5P+极薄0.1 2P 日夜用,天猫超市,SOFY/苏菲,1708,302505.1400,25642,11.79725216
15,【天猫超市】Free 卫生巾日夜用棉柔组合装丝薄亲肤6包送2包,天猫超市,Free/飞,1708,294908.1000,5030,58.62984095
16,【天猫超市】苏菲卫生巾口袋魔法92片套装 日用 夜用 组合装,天猫超市,SOFY/苏菲,1708,290961.3000,3714,78.34176090
17,【天猫超市】苏菲卫生巾 超熟睡柔棉感290 5P*4包+420 4P*6包,天猫超市,SOFY/苏菲,1708,271085.9000,4391,61.73671146
18,【天猫超市】月月舒卫生巾 瞬吸透气棉柔3日用+3夜用50片组合装,天猫超市,月月舒,1708,259644.2000,8887,29.21618094
19,【天猫超市】七度空间卫生巾少女超薄棉柔3日用+2夜用46片组合装,天猫超市,SPACE7/七度空间,1708,249540.6000,6224,40.09328406
20,【天猫超市】七度空间卫生巾少女超薄棉柔3日用+2夜用42片组合装,天猫超市,SPACE7/七度空间,1708,244622.9000,5981,40.90000000
21,【天猫超市】维达VIA/薇尔日夜棉柔卫生巾大包装日+夜用34片,天猫超市,VIA/薇尔,1708,239986.2300,8905,26.94960472
22,【天猫超市】全棉时代奈丝公主卫生巾超吸款日用夜用组合装8包,天猫超市,Purcotton/全棉时代,1708,212559.4000,3326,63.90841852
23,【天猫超市】月月舒卫生巾 瞬吸透气棉柔3日用+4夜用50片组合装,天猫超市,月月舒,1708,208578.4000,7303,28.56064631
24,【天猫超市】护舒宝卫生巾瞬洁丝薄日用+甜睡夜用组合装 共92片,天猫超市,whisper/护舒宝,1708,206621.2000,2988,69.15033467
25,【天猫超市】苏菲超熟睡290mm20片+弹力贴身230mm 80片+极薄8片,天猫超市,SOFY/苏菲,1708,179637.0000,3130,57.39201278
26,【天猫超市】ABC卫生巾棉柔日用240mm+夜用382mm两包KMS健康配方,天猫超市,ABC,1708,178710.0000,6900,25.90000000
27,【天猫超市】护舒宝进口液体卫生巾幻彩极护量多日用夜用270mm9片,天猫超市,whisper/护舒宝,1708,160215.8000,3482,46.01257898
28,【天猫超市】月月舒卫生巾 超薄迷你巾 量少日用卫生巾26片带护翼,天猫超市,月月舒,1708,146897.6000,9429,15.57934033
29,【天猫超市】七度空间卫生巾少女棉棉 特薄迷你 日用180mm 14片装,天猫超市,SPACE7/七度空间,1708,144173.1400,13659,10.55517534
30,【天猫超市】花王乐而雅零触感日用25cm32片+夜用35cm8片组合,天猫超市,KAO/花王,1708,140347.0000,2930,47.90000000
31,【天猫超市】高洁丝夜用夜安裤M-L号5+1条安心裤裤型卫生巾全包围,天猫超市,高洁丝,1708,139274.4600,4070,34.21976904
32,【天猫超市】ABC卫生巾组合套装棉柔超级薄夜用2包+迷你巾2包,天猫超市,ABC,1708,139080.0000,3660,38.00000000
33,【天猫超市】ABC卫生巾 超薄纯棉柔日用+超长夜用套装 共3包瞬吸,天猫超市,ABC,1708,135180.1800,3792,35.64878165
34,【天猫超市】ABC卫生巾护垫迷你巾小组合163mm+190mm经期前后无忧,天猫超市,ABC,1708,135126.8800,5845,23.11837126
35,【天猫超市】月月舒卫生巾 本草精华暖宫调理棉柔日用10片+夜8片,天猫超市,月月舒,1708,134215.8000,7416,18.09813916
36,【天猫超市】怡丽卫生巾日用70片+夜用16片+超长12片+护垫40片,天猫超市,Elis/怡丽,1708,130469.9300,2500,52.18797200
37,【天猫超市】月月舒卫生巾 棉柔透气瞬吸防漏夜用5片+加长夜用4片,天猫超市,月月舒,1708,121218.7000,14528,8.34379818
38,【天猫超市】怡丽组合新素肌24cm日用10片*2包+29cm夜用8片,天猫超市,Elis/怡丽,1708,117810.9900,5024,23.44963973
39,【天猫超市】月月舒卫生巾 瞬吸棉柔透气8日用+4夜用96片组合装,天猫超市,月月舒,1708,110694.5000,1476,74.99627371
40,【天猫超市】洁婷卫生巾日用8片夜用8片组合装超薄透气系列,天猫超市,Ladycare/洁婷,1708,110287.7000,7913,13.93753317
41,【天猫超市】VIA/薇尔贴芯超薄绵柔290mm12片夜用加长日用卫生巾,天猫超市,VIA/薇尔,1708,103550.8000,7876,13.14763840
42,【天猫超市】七度空间卫生巾少女超薄棉柔8日用+2夜用共48片,天猫超市,SPACE7/七度空间,1708,102847.0000,1870,54.99839572
43,【天猫超市】ABC卫生巾棉柔亲肤夜用组合323mm+超长420mm甜睡整夜,天猫超市,ABC,1708,93576.7000,8703,10.75223486
44,【天猫超市】怡丽卫生丝薄日夜12包112片+清风金装软抽10包,天猫超市,Elis/怡丽,1708,93246.6000,1334,69.90000000
45,【天猫超市】洁婷卫生巾棉柔日用40片夜用20片迷你10片周期组合,天猫超市,Ladycare/洁婷,1708,92966.7000,1293,71.90000000
46,【天猫超市】月月舒卫生巾 瞬吸透气棉柔4日用+2夜用50片组合装,天猫超市,月月舒,1708,91544.0000,2540,36.04094488
47,【天猫超市】洁婷卫生巾透气双U30片棉柔(日用20片+夜用10片),天猫超市,Ladycare/洁婷,1708,87817.6000,6072,14.46271410
48,【天猫超市】whisper/护舒宝欧美进口液体270mm*20+317mm*10,天猫超市,whisper/护舒宝,1708,87437.2000,1310,66.74595420
49,【天猫超市】高洁丝臻选澳洲棉日夜组合卫生巾日用5包+夜用3包,天猫超市,高洁丝,1708,82003.1000,1369,59.90000000
50,【天猫超市】洁婷卫生巾棉柔透气超薄日用16片夜用8片一周期组合,天猫超市,Ladycare/洁婷,1708,80333.3000,3519,22.82844558
51,【天猫超市】花王 乐而雅 零触感 日用夜用组合装9包大包装,天猫超市,KAO/花王,1708,79031.2000,1168,67.66369863
52,【天猫超市】555卫生巾 贴身纯棉一日随身包3片日用+1片夜用,天猫超市,555/三五,1708,76004.0000,77050,0.98642440
53,【天猫超市】ABC卫生巾棉柔亲肤日用夜用小套装3包含KMS健康配方,天猫超市,ABC,1708,72801.6000,2092,34.80000000
54,【天猫超市】Free/飞卫生巾日夜用组合装迷你巾10片+超长夜用3片,天猫超市,Free/飞,1708,70438.3000,7118,9.89579938
55,【天猫超市】Free卫生巾量少日用迷你巾丝薄棉柔190mm10片 T51,天猫超市,Free/飞,1708,64165.9200,11538,5.56126885
56,【天猫超市】高洁丝HelloKitty亲亲棉日用240mm2包夜用350mm1包,天猫超市,高洁丝,1708,60740.7200,1588,38.24982368
57,【天猫超市】ABC卫生巾棉柔纤薄日用夜用护垫套装共5包54片装,天猫超市,ABC,1708,59696.0000,1066,56.00000000
58,【天猫超市】护舒宝 日本研发纯肌棉柔丝薄卫生巾日用+夜用共30片,天猫超市,whisper/护舒宝,1708,58347.0500,1019,57.25912659
59,【天猫超市】护舒宝卫生巾云感棉丝薄日夜用+甜睡33片大包装,天猫超市,whisper/护舒宝,1708,58298.3300,1691,34.47565346
60,【天猫超市】ABC卫生巾棉柔日用240mm+夜用323mm含KMS健康配方,天猫超市,ABC,1708,57776.0000,5024,11.50000000
61,【天猫超市】护舒宝卫生巾 瞬洁丝薄干爽网面夜用284mm*5+1片,天猫超市,whisper/护舒宝,1708,55868.7600,3871,14.43264273
62,【天猫超市】洁婷卫生巾棉柔日用50片夜用24片迷你24片共98片,天猫超市,Ladycare/洁婷,1708,52652.0000,554,95.03971119
63,【天猫超市】高洁丝臻选澳洲棉日用240mm8片+Air0.08日用8片,天猫超市,高洁丝,1708,51639.5000,2255,22.90000000
64,【天猫超市】洁婷卫生巾棉柔双U防漏日用10片夜用8片周期装,天猫超市,Ladycare/洁婷,1708,50291.3000,5241,9.59574509
65,【天猫超市】洁婷卫生巾棉柔超薄日用40片加长夜用8片迷你36片,天猫超市,Ladycare/洁婷,1708,49717.9000,541,91.90000000
66,【天猫超市】护舒宝进口液体卫生巾未来感极护日用+夜用20片,天猫超市,whisper/护舒宝,1708,48009.6200,420,114.30861905
67,【天猫超市】恩芝进口卫生巾套装超薄日用36片+夜用8片干爽透气-天猫超市-天猫Tmall.com-上天猫，就购了-理想生,天猫超市,EUNJEE/恩芝,1708,46407.4000,1166,39.80051458
68,【天猫超市】怡丽卫生巾新素肌纤巧组合10包 240*6+290*2+410*2-天猫超市-天猫Tmall.com-上天猫,天猫超市,Elis/怡丽,1708,46404.5000,705,65.82198582
69,【天猫超市】维达VIA/薇尔超薄干爽迷你卫生巾190mm10片+护垫24片,天猫超市,VIA/薇尔,1708,46366.0800,3774,12.28565978
70,【天猫超市】全棉时代纯棉超薄卫生巾姨妈巾日夜用8包组合装,天猫超市,Purcotton/全棉时代,1708,45681.0000,642,71.15420561
71,【天猫超市】whisper/护舒宝瞬洁丝薄日夜用卫生巾组合*24片,天猫超市,whisper/护舒宝,1708,45666.9000,1081,42.24505088
72,【天猫超市】ABC卫生巾棉柔周期日用+超长夜用套装5包KMS健康配方,天猫超市,ABC,1708,44256.6000,808,54.77301980
73,【天猫超市】whisper/护舒宝云感棉超薄日用+甜睡夜用卫生巾*22片,天猫超市,whisper/护舒宝,1708,43761.6300,1391,31.46055356
74,【天猫超市】EUNJEE/恩芝卫生巾日24片+夜12片+护垫25片+迷你18片,天猫超市,EUNJEE/恩芝,1708,41123.0000,697,59.00000000
75,【天猫超市】德国进口OB内置式卫生棉条普通型16条日用夜用游泳-天猫超市-天猫Tmall.com-上天猫，就购了-理想生,天猫超市,o．b．,1708,40817.7000,1023,39.90000000
76,【天猫超市】高洁丝夜用臻选280*2包+420*2包澳洲进口纯棉卫生巾-天猫超市-天猫Tmall.com-上天猫，就购了,天猫超市,高洁丝,1708,38968.3400,806,48.34781638
77,【天猫超市】七度空间卫生巾优雅丝柔6日用4夜用 96片日夜组合装,天猫超市,SPACE7/七度空间,1708,37876.6000,516,73.40426357
78,【天猫超市】ABC卫生巾棉柔日用夜用 周期小套装3包KMS健康配方,天猫超市,ABC,1708,37729.0000,1301,29.00000000
79,【天猫超市】怡丽卫生巾敏感肌日用4包+410夜2包+清风软抽3包,天猫超市,Elis/怡丽,1708,37609.6000,1094,34.37806216
80,【天猫超市】ABC卫生巾棉柔亲肤日夜组合240mm+超长420mm甜睡整夜,天猫超市,ABC,1708,37575.0000,1503,25.00000000
81,【天猫超市】七度空间卫生巾优雅超薄棉柔5日用+3夜用82片组合装,天猫超市,SPACE7/七度空间,1708,37439.1000,669,55.96278027
82,【天猫超市】月月舒卫生巾 暖宫调理棉柔透气夜用56片+迷你巾16片,天猫超市,月月舒,1708,37374.9200,430,86.91841860
83,【天猫超市】ABC卫生巾棉柔亲肤日夜用组合4包 240mm2包+323mm2包,天猫超市,ABC,1708,37255.4000,1246,29.90000000
84,【天猫超市】苏菲卫生巾 超熟睡AIR 4P*6包+极薄0.1 8P*4包,天猫超市,SOFY/苏菲,1708,35139.3000,547,64.24003656
85,【天猫超市】elis/怡丽卫生巾丝薄日用8P*6+410夜用4P*3敏感肌,天猫超市,Elis/怡丽,1708,34909.8000,682,51.18739003
86,【天猫超市】KAO/花王日本进口乐而雅丝薄透气日夜用组合装,天猫超市,KAO/花王,1708,33408.0000,242,138.04958678
87,【天猫超市】进口恩芝卫生巾 超薄日用24片+夜用8片+加长夜用4片,天猫超市,EUNJEE/恩芝,1708,33398.4000,786,42.49160305
88,【天猫超市】SOFY/苏菲卫生巾成长箱装少女裤2片+裸感290+极薄0.1-天猫超市-天猫Tmall.com-上天猫，就,天猫超市,SOFY/苏菲,1708,33213.2000,568,58.47394366
89,【天猫超市】Free/飞卫生巾组合装日用加长夜用超薄棉柔系列8包装,天猫超市,Free/飞,1708,32297.0000,353,91.49291785
90,【天猫超市】月月舒卫生巾 瞬吸棉柔透气3日用+6夜用72片组合装,天猫超市,月月舒,1708,31716.6000,535,59.28336449
91,【天猫超市】Free/飞卫生巾日夜用超薄棉柔亲肤组合装8包69片,天猫超市,Free/飞,1708,31208.2000,394,79.20862944
92,【天猫超市】洁婷透气超薄棉柔卫生巾日8片+特长夜用4片共12片,天猫超市,Ladycare/洁婷,1708,29412.3000,2307,12.74915475
93,【天猫超市】护舒宝卫生巾丝薄日用+高端夜用组合+护垫共112片,天猫超市,whisper/护舒宝,1708,28922.3000,377,76.71697613
94,【天猫超市】护舒宝卫生巾超净棉丝薄日用+甜睡夜用组合72片,天猫超市,whisper/护舒宝,1708,28921.9000,305,94.82590164
95,【天猫超市】苏菲卫生巾 裸感S日用+夜用组合装23cm+25cm+29cm,天猫超市,SOFY/苏菲,1708,28644.3000,627,45.68468900
96,【天猫超市】朵朵 棉舒柔巧横生棉量多日用夜用卫生巾280mm*16片,天猫超市,朵朵,1708,28318.2000,2598,10.90000000
97,【天猫超市】ABC卫生巾棉柔超薄日用组合240mm+190mm两包 瞬吸,天猫超市,ABC,1708,27367.6000,1108,24.70000000
98,【天猫超市】维达VIA/薇尔卫生巾组合装102片240mm+290mm+410mm,天猫超市,VIA/薇尔,1708,27212.1800,439,61.98674260
99,【天猫超市】Free/飞卫生巾日夜用超长夜用超薄棉柔组合装16片,天猫超市,Free/飞,1708,26916.6000,794,33.90000000
100,【天猫超市】月月舒卫生巾 瞬吸棉柔透气2日用+4夜用40片组合装-天猫超市-天猫Tmall.com-上天猫，就购了-理想,天猫超市,月月舒,1708,25755.5000,1153,22.33781440
1,【天猫超市】苏菲卫生巾纤巧日用10片*8包+超熟睡4片*4共96片,天猫超市,SOFY/苏菲,1709,2720218.1000,40427,67.28716205
2,【天猫超市】护舒宝卫生巾云感棉丝薄日用甜睡夜用护垫组合共89片,天猫超市,whisper/护舒宝,1709,2048154.3200,31146,65.75978681
3,【天猫超市】七度空间卫生巾少女纯棉超薄6日用+8夜用96片装,天猫超市,SPACE7/七度空间,1709,1434438.7000,18592,77.15354454
4,【天猫超市】ABC卫生巾纤薄棉柔排湿表层日用+夜用6包 大包装-天猫超市-天猫Tmall.com-上天猫，就购了-理想生,天猫超市,ABC,1709,1376444.7000,38413,35.83278317
5,【天猫超市】七度空间卫生巾少女超薄棉柔2日用+2夜用36片组合装,天猫超市,SPACE7/七度空间,1709,928651.4000,31116,29.84481939
6,【天猫超市】七度空间卫生巾少女超薄棉柔3日用+2夜用48片组合装,天猫超市,SPACE7/七度空间,1709,829270.2000,21318,38.90000000
7,【天猫超市】ABC卫生巾棉柔日用超长夜用周期套装10包 送护垫22片,天猫超市,ABC,1709,769476.5000,11562,66.55219685
8,【天猫超市】ABC卫生巾新肌感纯棉超薄日夜用组合套装5包送迷你巾,天猫超市,ABC,1709,465734.0000,9096,51.20206684
9,【天猫超市】月月舒卫生巾 棉柔透气清爽瞬吸2日用+4夜用48片组合-天猫超市-天猫Tmall.com-上天猫，就购了-理,天猫超市,月月舒,1709,428452.2000,10925,39.21759268
10,【天猫超市】七度空间卫生巾少女纯棉日夜特惠装日用+夜用20片装,天猫超市,SPACE7/七度空间,1709,426230.3000,23624,18.04225787
11,【天猫超市】花王乐而雅   日用25cm8片*2包+夜用40cm4片组合,天猫超市,KAO/花王,1709,390178.0000,7830,49.83116220
12,【天猫超市】苏菲卫生巾 超熟睡16片+弹力贴身60片+迷你14片-天猫超市-天猫Tmall.com-上天猫，就购了-理想,天猫超市,SOFY/苏菲,1709,315728.5000,4571,69.07208488
13,【天猫超市】whisper/护舒宝欧美进口液体270mm*20+317mm*10-天猫超市-天猫Tmall.com-上天,天猫超市,whisper/护舒宝,1709,292312.7600,4232,69.07201323
14,【天猫超市】七度空间卫生巾少女超薄棉柔3日用+2夜用46片组合装,天猫超市,SPACE7/七度空间,1709,236487.9000,6071,38.95369791
15,【天猫超市】全棉时代奈丝公主卫生巾超吸款日用夜用组合装8包,天猫超市,Purcotton/全棉时代,1709,207205.3200,2467,83.99080665
16,【天猫超市】ABC卫生巾组合套装棉柔超级薄夜用2包+迷你巾2包,天猫超市,ABC,1709,200488.0000,5276,38.00000000
17,【天猫超市】高洁丝夜用夜安裤M-L号5+1条安心裤裤型卫生巾全包围,天猫超市,高洁丝,1709,194010.4000,5558,34.90651313
18,【天猫超市】Free 卫生巾日夜用棉柔组合装丝薄亲肤6包送2包,天猫超市,Free/飞,1709,190643.4400,4515,42.22446069
19,【天猫超市】苏菲卫生巾 超熟睡柔棉感290 5P*4包+420 4P*6包,天猫超市,SOFY/苏菲,1709,190036.6000,2934,64.77048398
20,【天猫超市】苏菲卫生巾口袋魔法92片套装 日用 夜用 组合装,天猫超市,SOFY/苏菲,1709,169155.0000,2408,70.24709302
21,【天猫超市】护舒宝卫生巾瞬洁丝薄日用+甜睡夜用组合装 共92片,天猫超市,whisper/护舒宝,1709,164055.3000,2347,69.90000000
22,【天猫超市】洁婷卫生巾棉柔透气超薄日用16片夜用8片一周期组合,天猫超市,Ladycare/洁婷,1709,160833.2000,6500,24.74356923
23,【天猫超市】月月舒卫生巾 本草精华暖宫调理棉柔日用10片+夜8片,天猫超市,月月舒,1709,153108.6000,8227,18.61050201
24,【天猫超市】ABC卫生巾棉柔日用240mm+夜用382mm两包KMS健康配方,天猫超市,ABC,1709,145894.7000,5633,25.90000000
25,【天猫超市】ABC卫生巾棉柔亲肤日用夜用小套装3包含KMS健康配方,天猫超市,ABC,1709,144315.6000,4147,34.80000000
26,【天猫超市】洁婷卫生巾棉柔日用40片夜用20片迷你10片周期组合,天猫超市,Ladycare/洁婷,1709,139917.4000,1946,71.90000000
27,【天猫超市】护舒宝进口液体卫生巾幻彩极护量多日用夜用270mm9片,天猫超市,whisper/护舒宝,1709,131835.2300,2976,44.29947245
28,【天猫超市】洁婷卫生巾整箱批发棉柔日用50片夜用24片迷你24片,天猫超市,Ladycare/洁婷,1709,130768.0000,1486,88.00000000
29,【天猫超市】VIA/薇尔贴芯超薄绵柔290mm12片夜用加长日用卫生巾,天猫超市,VIA/薇尔,1709,128383.6000,10114,12.69365236
30,【天猫超市】花王乐而雅零触感日用25cm32片+夜用35cm8片组合,天猫超市,KAO/花王,1709,126360.2000,2638,47.90000000
31,【天猫超市】ABC卫生巾护垫迷你巾小组合163mm+190mm经期前后无忧,天猫超市,ABC,1709,125682.8500,5395,23.29617238
32,【天猫超市】ABC卫生巾 超薄纯棉柔日用+超长夜用套装 共3包瞬吸,天猫超市,ABC,1709,125514.1700,3397,36.94853400
33,【天猫超市】七度空间卫生巾超薄棉柔6日用+4夜用76片组合装,天猫超市,SPACE7/七度空间,1709,107644.2000,1476,72.92967480
34,【天猫超市】月月舒卫生巾 瞬吸透气棉柔3日用+3夜用50片组合装,天猫超市,月月舒,1709,106695.2000,3443,30.98902120
35,【天猫超市】七度空间卫生巾少女超薄棉柔8日用+2夜用共48片,天猫超市,SPACE7/七度空间,1709,104771.7000,2000,52.38585000
36,【天猫超市】洁婷卫生巾日用8片夜用8片组合装超薄透气系列,天猫超市,Ladycare/洁婷,1709,104303.9800,7371,14.15058744
37,【天猫超市】七度空间卫生巾少女棉棉 特薄迷你 日用180mm 14片装,天猫超市,SPACE7/七度空间,1709,103527.8600,9832,10.52968470
38,【天猫超市】VIA/薇尔超薄绵柔卫生巾大包装70片日用加长夜用迷你,天猫超市,VIA/薇尔,1709,95669.0400,2060,46.44128155
39,【天猫超市】Free卫生巾量少日用迷你巾丝薄棉柔190mm10片 T51,天猫超市,Free/飞,1709,95156.8800,17481,5.44344603
40,【天猫超市】护舒宝卫生巾 瞬洁丝薄干爽网面夜用284mm*5+1片,天猫超市,whisper/护舒宝,1709,92797.2000,6228,14.90000000
41,【天猫超市】月月舒卫生巾 棉柔透气瞬吸防漏夜用5片+加长夜用4片,天猫超市,月月舒,1709,89067.6000,11794,7.55194167
42,【天猫超市】花王 乐而雅 零触感 日用夜用组合装9包大包装,天猫超市,KAO/花王,1709,88987.4000,1286,69.19704510
43,【天猫超市】怡丽卫生巾日用70片+夜用16片+超长12片+护垫40片,天猫超市,Elis/怡丽,1709,88919.9200,1619,54.92274243
44,【天猫超市】洁婷卫生巾透气双U30片棉柔(日用20片+夜用10片),天猫超市,Ladycare/洁婷,1709,85839.2000,5850,14.67336752
45,【天猫超市】月月舒卫生巾 瞬吸透气棉柔3日用+4夜用50片组合装,天猫超市,月月舒,1709,83501.6000,2851,29.28853034
46,【天猫超市】洁婷卫生巾棉柔透气护围日用245mm16片迷你巾10片,天猫超市,Ladycare/洁婷,1709,78269.8000,1511,51.80000000
47,【天猫超市】555卫生巾 贴身纯棉一日随身包3片日用+1片夜用,天猫超市,555/三五,1709,78018.9000,74335,1.04955808
48,【天猫超市】Free/飞卫生巾日夜用迷你巾美洲纯棉棉柔组合装3包,天猫超市,Free/飞,1709,77090.0000,3140,24.55095541
49,【天猫超市】ABC卫生巾棉柔亲肤夜用组合323mm+超长420mm甜睡整夜,天猫超市,ABC,1709,74751.9000,6871,10.87933343
50,【天猫超市】洁婷超薄卫生巾日用245mmx16片+加长夜用350mmx12片,天猫超市,Ladycare/洁婷,1709,69833.6000,1256,55.60000000
51,【天猫超市】洁婷卫生巾超薄夜用290mmx16片+特长夜用420mmx8片,天猫超市,Ladycare/洁婷,1709,69451.0000,995,69.80000000
52,【天猫超市】Free/飞卫生巾量多日用亲肤丝薄棉柔夜用280mm10片,天猫超市,Free/飞,1709,68775.2200,3760,18.29128191
53,【天猫超市】ABC卫生巾棉柔日用夜用全周期小套装3包透气不闷热,天猫超市,ABC,1709,66492.0000,1847,36.00000000
54,【天猫超市】Free/飞卫生巾日夜用组合装迷你巾10片+超长夜用3片,天猫超市,Free/飞,1709,66231.0000,6700,9.88522388
55,【天猫超市】苏菲超熟睡290mm20片+弹力贴身230mm 80片+极薄8片,天猫超市,SOFY/苏菲,1709,64512.3000,1077,59.90000000
56,【天猫超市】洁婷卫生巾棉柔双U防漏日用10片夜用8片周期装,天猫超市,Ladycare/洁婷,1709,64495.2000,6539,9.86315950
57,【天猫超市】洁婷超薄卫生巾棉柔日用8片x2+夜用8片x2片组合装,天猫超市,Ladycare/洁婷,1709,62828.0000,1130,55.60000000
58,【天猫超市】洁婷透气超薄棉柔卫生巾日8片+特长夜用4片共12片,天猫超市,Ladycare/洁婷,1709,62192.2800,4314,14.41638387
59,【天猫超市】维达VIA/薇尔超薄棉柔卫生巾组合22片日用加长夜用,天猫超市,VIA/薇尔,1709,56793.0600,3235,17.55581453
60,【天猫超市】VIA/薇尔超薄棉柔卫生巾大包装100片日用夜用迷你巾,天猫超市,VIA/薇尔,1709,56543.1000,1275,44.34752941
61,【天猫超市】维达VIA/薇尔超薄绵柔卫生巾组合34片迷你10+护垫24,天猫超市,VIA/薇尔,1709,51357.6500,4120,12.46544903
62,【天猫超市】高洁丝夜用臻选280*2包+420*2包澳洲纯棉新老随机发,天猫超市,高洁丝,1709,50370.5900,1680,29.98249405
63,【天猫超市】怡丽组合新素肌24cm日用10片*2包+29cm夜用8片,天猫超市,Elis/怡丽,1709,47949.0000,2100,22.83285714
64,【天猫超市】苏菲弹力贴身柔20P+超熟睡290 5P+极薄0.1 2P 日夜用,天猫超市,SOFY/苏菲,1709,47219.4000,3158,14.95231159
65,【天猫超市】高洁丝亲亲棉日用240mm2包夜用350mm1包新老随机发,天猫超市,高洁丝,1709,47185.8200,1958,24.09898876
66,【天猫超市】怡丽卫生巾新素肌纤巧组合10包 240*6+290*2+410*2,天猫超市,Elis/怡丽,1709,46321.4200,682,67.91997067
67,【天猫超市】月月舒卫生巾 瞬吸棉柔透气8日用+4夜用96片组合装-天猫超市-天猫Tmall.com-上天猫，就购了-理想,天猫超市,月月舒,1709,46151.6000,617,74.80000000
68,【天猫超市】ABC卫生巾棉柔日用240mm+夜用323mm含KMS健康配方,天猫超市,ABC,1709,46046.0000,4004,11.50000000
69,【天猫超市】ABC卫生巾护垫163mm丝薄纯棉22片+澳洲茶树精华25片,天猫超市,ABC,1709,42614.0000,1639,26.00000000
70,【天猫超市】ABC卫生巾棉柔亲肤日夜组合240mm+超长420mm甜睡整夜-天猫超市-天猫Tmall.com-上天猫，就,天猫超市,ABC,1709,41725.0000,1669,25.00000000
71,【天猫超市】苏菲卫生巾 裸感S日用+夜用组合装23cm+25cm+29cm,天猫超市,SOFY/苏菲,1709,41647.5000,925,45.02432432
72,【天猫超市】护舒宝进口液体卫生巾未来感极护日用+夜用20片,天猫超市,whisper/护舒宝,1709,41222.9000,325,126.83969231
73,【天猫超市】月月舒卫生巾 超薄迷你巾 量少日用卫生巾26片带护翼,天猫超市,月月舒,1709,39696.0000,2481,16.00000000
74,【天猫超市】怡丽卫生丝薄日夜12包112片+清风金装软抽10包,天猫超市,Elis/怡丽,1709,39301.8000,582,67.52886598
75,【天猫超市】护舒宝卫生巾丝薄棉柔日用+超长夜用24片1个月特惠装,天猫超市,whisper/护舒宝,1709,38337.2000,1528,25.08979058
76,【天猫超市】七度空间卫生巾优雅超薄棉柔5日用+3夜用78片组合装,天猫超市,SPACE7/七度空间,1709,37950.2000,648,58.56512346
77,【天猫超市】VIA/薇尔超薄棉柔卫生巾大包装128片日夜用护垫迷你,天猫超市,VIA/薇尔,1709,36527.6400,662,55.17770393
78,【天猫超市】怡丽卫生巾敏感肌日用4包+410夜2包+清风软抽3包,天猫超市,Elis/怡丽,1709,36481.4000,946,38.56384778
79,【天猫超市】高洁丝日用超薄迷你直条190mm10片*4包经典卫生巾,天猫超市,高洁丝,1709,35880.5200,2327,15.41921788
80,【天猫超市】护舒宝卫生巾云感棉丝薄日夜用+甜睡33片大包装,天猫超市,whisper/护舒宝,1709,34492.2400,938,36.77211087
81,【天猫超市】洁婷卫生巾透氧系列日用5片夜用5片超薄组合装,天猫超市,Ladycare/洁婷,1709,31728.0000,661,48.00000000
82,【天猫超市】Free/飞卫生巾日夜用超薄棉柔亲肤组合装8包69片,天猫超市,Free/飞,1709,31411.4000,380,82.66157895
83,【天猫超市】whisper/护舒宝云感棉超薄日用+甜睡夜用卫生巾*22片,天猫超市,whisper/护舒宝,1709,31170.6200,1109,28.10696123
84,【天猫超市】七度空间卫生巾优雅丝柔6日用4夜用 96片日夜组合装-天猫超市-天猫Tmall.com-上天猫，就购了-理想,天猫超市,SPACE7/七度空间,1709,29423.0000,392,75.05867347
85,【天猫超市】七度空间卫生巾少女系列纯棉超薄6日用+4夜用组合装,天猫超市,SPACE7/七度空间,1709,29243.4000,366,79.90000000
86,【天猫超市】洁婷卫生巾棉柔日用60片夜用24片特长夜用8片批发装,天猫超市,Ladycare/洁婷,1709,29057.0000,593,49.00000000
87,【天猫超市】护舒宝卫生巾超净棉丝薄日夜用+甜睡+护垫共44片,天猫超市,whisper/护舒宝,1709,28913.9000,981,29.47390418
88,【天猫超市】德国进口OB内置式卫生棉条普通型16条日用夜用游泳,天猫超市,o．b．,1709,28368.9000,711,39.90000000
89,【天猫超市】朵朵 棉舒柔巧横生棉量多日用夜用卫生巾280mm*16片,天猫超市,朵朵,1709,28132.9000,2581,10.90000000
90,【天猫超市】苏菲卫生巾 超熟睡AIR 4P*6包+极薄0.1 8P*4包,天猫超市,SOFY/苏菲,1709,28030.7000,415,67.54385542
91,【天猫超市】高洁丝臻选澳洲棉卫生巾日用5包+夜用3包新老随机发,天猫超市,高洁丝,1709,27254.5000,455,59.90000000
92,【天猫超市】EUNJEE/恩芝卫生巾日24片+夜12片+护垫25片+迷你18片,天猫超市,EUNJEE/恩芝,1709,27198.0000,422,64.45023697
93,【天猫超市】VIA/薇尔贴芯超薄绵柔卫生巾4日用+2夜用38片大包装,天猫超市,VIA/薇尔,1709,27070.1000,956,28.31600418
94,【天猫超市】月月舒卫生巾 瞬吸透气棉柔4日用+2夜用50片组合装,天猫超市,月月舒,1709,26942.0000,903,29.83610188
95,【天猫超市】护舒宝 日本研发纯肌棉柔丝薄卫生巾日用+夜用共30片-天猫超市-天猫Tmall.com-上天猫，就购了-理想,天猫超市,whisper/护舒宝,1709,26222.6000,730,35.92136986
96,【天猫超市】月月舒卫生巾 瞬吸棉柔透气2日用+4夜用40片组合装,天猫超市,月月舒,1709,26022.2000,1224,21.25996732
97,【天猫超市】VIA/薇尔贴芯超薄绵柔卫生巾组合28片日用16夜用12片,天猫超市,VIA/薇尔,1709,25595.7500,1623,15.77064079
98,【天猫超市】Free/飞卫生巾日夜用美洲纯棉丝薄棉柔组合装4包,天猫超市,Free/飞,1709,24795.3100,586,42.31281570
99,【天猫超市】Free卫生巾日夜用超薄棉柔组合装4包日用夜用迷你巾,天猫超市,Free/飞,1709,23798.7000,633,37.59668246
100,【天猫超市】ABC卫生巾棉柔超薄日用组合240mm+190mm两包 瞬吸-天猫超市-天猫Tmall.com-上天猫，就购,天猫超市,ABC,1709,23514.4000,952,24.70000000
